tt0000001,fail
tt0000003,fail
tt0000004,fail
tt0000007,fail
tt0000008,fail
tt0000009,fail
tt0000011,fail
tt0000012,fail
tt0000014,fail
tt0000017,fail
tt0000018,fail
tt0000024,fail
tt0000025,fail
tt0000026,fail
tt0000029,fail
tt0000030,fail
tt0000032,fail
tt0000038,fail
tt0000053,fail
tt0000056,fail
tt0000061,fail
tt0000075,fail
tt0000091,fail
tt0000094,fail
tt0000117,fail
tt0000121,fail
tt0000147,fail
tt0000165,fail
tt0000167,fail
tt0000169,fail
tt0000170,fail
tt0000172,fail
tt0000174,fail
tt0000181,fail
tt0000188,fail
tt0000190,fail
tt0000192,fail
tt0000200,fail
tt0000212,fail
tt0000216,fail
tt0000227,fail
tt0000229,fail
tt0000230,fail
tt0000234,fail
tt0000235,fail
tt0000247,fail
tt0000272,fail
tt0000273,fail
tt0000296,fail
tt0000304,fail
tt0000305,fail
tt0000306,fail
tt0000308,fail
tt0000309,fail
tt0000310,fail
tt0000313,fail
tt0000318,fail
tt0000319,fail
tt0000325,fail
tt0000326,fail
tt0000335,fail
tt0000340,fail
tt0000341,fail
tt0000351,fail
tt0000354,fail
tt0000355,fail
tt0000360,fail
tt0000363,fail
tt0000368,fail
tt0000370,fail
tt0000375,fail
tt0000376,fail
tt0000378,fail
tt0000380,fail
tt0000388,fail
tt0000399,fail
tt0000409,fail
tt0000412,fail
tt0000414,fail
tt0000417,fail
tt0000420,fail
tt0000434,fail
tt0000439,fail
tt0000442,fail
tt0000443,fail
tt0000451,fail
tt0000465,fail
tt0000472,fail
tt0000475,fail
tt0000477,fail
tt0000486,fail
tt0000487,fail
tt0000488,fail
tt0000498,fail
tt0000501,fail
tt0000502,fail
tt0000505,fail
tt0000511,fail
tt0000514,fail
tt0000515,fail
tt0000518,fail
tt0000519,fail
tt0000520,fail
tt0000524,fail
tt0000528,fail
tt0000530,fail
tt0000531,fail
tt0000535,fail
tt0000536,fail
tt0000541,fail
tt0000542,fail
tt0000546,fail
tt0000550,fail
tt0000555,fail
tt0000556,fail
tt0000557,fail
tt0000559,fail
tt0000566,fail
tt0000567,fail
tt0000574,fail
tt0000575,fail
tt0000576,fail
tt0000580,fail
tt0000582,fail
tt0000583,fail
tt0000584,fail
tt0000588,fail
tt0000591,fail
tt0000592,fail
tt0000595,fail
tt0000596,fail
tt0000601,fail
tt0000602,fail
tt0000604,fail
tt0000609,fail
tt0000610,fail
tt0000611,fail
tt0000613,fail
tt0000615,fail
tt0000617,fail
tt0000618,fail
tt0000621,fail
tt0000622,fail
tt0000628,fail
tt0000629,fail
tt0000630,fail
tt0000632,fail
tt0000637,fail
tt0000638,fail
tt0000641,fail
tt0000643,fail
tt0000644,fail
tt0000648,fail
tt0000650,fail
tt0000655,fail
tt0000656,fail
tt0000664,fail
tt0000668,fail
tt0000669,fail
tt0000673,fail
tt0000674,fail
tt0000675,fail
tt0000676,fail
tt0000679,fail
tt0000685,fail
tt0000690,fail
tt0000692,fail
tt0000696,fail
tt0000697,fail
tt0000699,fail
tt0000706,fail
tt0000709,fail
tt0000711,fail
tt0000714,fail
tt0000717,fail
tt0000722,fail
tt0000723,fail
tt0000724,fail
tt0000734,fail
tt0000737,fail
tt0000739,fail
tt0000747,fail
tt0000748,fail
tt0000749,fail
tt0000752,fail
tt0000754,fail
tt0000757,fail
tt0000758,fail
tt0000764,fail
tt0000768,fail
tt0000769,fail
tt0000770,fail
tt0000772,fail
tt0000775,fail
tt0000776,fail
tt0000778,fail
tt0000782,fail
tt0000787,fail
tt0000790,fail
tt0000791,fail
tt0000792,fail
tt0000794,fail
tt0000799,fail
tt0000801,fail
tt0000803,fail
tt0000805,fail
tt0000806,fail
tt0000807,fail
tt0000808,fail
tt0000816,fail
tt0000821,fail
tt0000826,fail
tt0000830,fail
tt0000832,fail
tt0000836,fail
tt0000844,fail
tt0000845,fail
tt0000846,fail
tt0000847,fail
tt0000854,fail
tt0000856,fail
tt0000859,fail
tt0000862,fail
tt0000867,fail
tt0000871,fail
tt0000873,fail
tt0000879,fail
tt0000883,fail
tt0000885,fail
tt0000886,fail
tt0000887,fail
tt0000889,fail
tt0000892,fail
tt0000898,fail
tt0000901,fail
tt0000907,fail
tt0000909,fail
tt0000920,fail
tt0000928,fail
tt0000932,fail
tt0000941,fail
tt0000942,fail
tt0000950,fail
tt0000951,fail
tt0000958,fail
tt0000959,fail
tt0000966,fail
tt0000970,fail
tt0000971,fail
tt0000981,fail
tt0000987,fail
tt0000988,fail
tt0000990,fail
tt0000998,fail
tt0001000,fail
tt0001007,fail
tt0001008,fail
tt0001017,fail
tt0001022,fail
tt0001030,fail
tt0001033,fail
tt0001047,fail
tt0001049,fail
tt0001050,fail
tt0001059,fail
tt0001067,fail
tt0001069,fail
tt0001071,fail
tt0001077,fail
tt0001079,fail
tt0001081,fail
tt0001092,fail
tt0001105,fail
tt0001107,fail
tt0001112,fail
tt0001113,fail
tt0001115,fail
tt0001116,fail
tt0001117,fail
tt0001124,fail
tt0001129,fail
tt0001133,fail
tt0001139,fail
tt0001141,fail
tt0001145,fail
tt0001146,fail
tt0001148,fail
tt0001151,fail
tt0001165,fail
tt0001170,fail
tt0001171,fail
tt0001173,fail
tt0001175,fail
tt0001178,fail
tt0001181,fail
tt0001183,fail
tt0001184,fail
tt0001185,fail
tt0001186,fail
tt0001189,fail
tt0001190,fail
tt0001195,fail
tt0001196,fail
tt0001197,fail
tt0001199,fail
tt0001201,fail
tt0001207,fail
tt0001211,fail
tt0001217,fail
tt0001223,fail
tt0001226,fail
tt0001227,fail
tt0001229,fail
tt0001231,fail
tt0001232,fail
tt0001236,fail
tt0001239,fail
tt0001240,fail
tt0001241,fail
tt0001242,fail
tt0001243,fail
tt0001251,fail
tt0001252,fail
tt0001257,fail
tt0001258,fail
tt0001259,fail
tt0001260,fail
tt0001262,fail
tt0001264,fail
tt0001277,fail
tt0001280,fail
tt0001282,fail
tt0001283,fail
tt0001285,fail
tt0001299,fail
tt0001306,fail
tt0001312,fail
tt0001314,fail
tt0001319,fail
tt0001320,fail
tt0001326,fail
tt0001333,fail
tt0001338,fail
tt0001339,fail
tt0001341,fail
tt0001347,fail
tt0001358,fail
tt0001360,fail
tt0001364,fail
tt0001365,fail
tt0001366,fail
tt0001370,fail
tt0001371,fail
tt0001373,fail
tt0001374,fail
tt0001376,fail
tt0001377,fail
tt0001378,fail
tt0001380,fail
tt0001381,fail
tt0001382,fail
tt0001395,fail
tt0001400,fail
tt0001405,fail
tt0001406,fail
tt0001408,fail
tt0001410,fail
tt0001419,fail
tt0001421,fail
tt0001428,fail
tt0001430,fail
tt0001431,fail
tt0001432,fail
tt0001439,fail
tt0001440,fail
tt0001443,fail
tt0001444,fail
tt0001445,fail
tt0001448,fail
tt0001451,fail
tt0001452,fail
tt0001456,fail
tt0001457,fail
tt0001458,fail
tt0001459,fail
tt0001461,fail
tt0001463,fail
tt0001469,fail
tt0001471,fail
tt0001472,fail
tt0001475,fail
tt0001486,fail
tt0001488,fail
tt0001498,fail
tt0001506,fail
tt0001508,fail
tt0001511,fail
tt0001517,fail
tt0001519,fail
tt0001521,fail
tt0001529,fail
tt0001530,fail
tt0001531,fail
tt0001532,fail
tt0001543,fail
tt0001546,fail
tt0001559,fail
tt0001563,fail
tt0001568,fail
tt0001571,fail
tt0001575,fail
tt0001576,fail
tt0001577,fail
tt0001583,fail
tt0001588,fail
tt0001590,fail
tt0001597,fail
tt0001598,fail
tt0001603,fail
tt0001604,fail
tt0001606,fail
tt0001608,fail
tt0001614,fail
tt0001624,fail
tt0001625,fail
tt0001629,fail
tt0001630,fail
tt0001632,fail
tt0001635,fail
tt0001638,fail
tt0001640,fail
tt0001653,fail
tt0001658,fail
tt0001665,fail
tt0001676,fail
tt0001677,fail
tt0001683,fail
tt0001686,fail
tt0001688,fail
tt0001693,fail
tt0001698,fail
tt0001706,fail
tt0001711,fail
tt0001712,fail
tt0001715,fail
tt0001717,fail
tt0001730,fail
tt0001731,fail
tt0001738,fail
tt0001746,fail
tt0001747,fail
tt0001751,fail
tt0001756,fail
tt0001761,fail
tt0001762,fail
tt0001769,fail
tt0001770,fail
tt0001771,fail
tt0001775,fail
tt0001776,fail
tt0001780,fail
tt0001789,fail
tt0001790,fail
tt0001791,fail
tt0001792,fail
tt0001798,fail
tt0001801,fail
tt0001803,fail
tt0001812,fail
tt0001824,fail
tt0001828,fail
tt0001838,fail
tt0001840,fail
tt0001842,fail
tt0001854,fail
tt0001857,fail
tt0001859,fail
tt0001861,fail
tt0001862,fail
tt0001864,fail
tt0001867,fail
tt0001872,fail
tt0001873,fail
tt0001874,fail
tt0001877,fail
tt0001882,fail
tt0001886,fail
tt0001888,fail
tt0001889,fail
tt0001890,fail
tt0001891,fail
tt0001892,fail
tt0001894,fail
tt0001896,fail
tt0001900,fail
tt0001907,fail
tt0001911,fail
tt0001914,fail
tt0001923,fail
tt0001924,fail
tt0001926,fail
tt0001928,fail
tt0001933,fail
tt0001935,fail
tt0001937,fail
tt0001940,fail
tt0001948,fail
tt0001949,fail
tt0001950,fail
tt0001957,fail
tt0001960,fail
tt0001963,fail
tt0001964,fail
tt0001966,fail
tt0001967,fail
tt0001970,fail
tt0001971,fail
tt0001975,fail
tt0001976,fail
tt0001981,fail
tt0001984,fail
tt0001989,fail
tt0001996,fail
tt0001999,fail
tt0002003,fail
tt0002004,fail
tt0002005,fail
tt0002006,fail
tt0002007,fail
tt0002010,fail
tt0002011,fail
tt0002014,fail
tt0002016,fail
tt0002020,fail
tt0002021,fail
tt0002022,fail
tt0002023,fail
tt0002025,fail
tt0002026,fail
tt0002027,fail
tt0002029,fail
tt0002031,fail
tt0002038,fail
tt0002039,fail
tt0002040,fail
tt0002049,fail
tt0002050,fail
tt0002051,fail
tt0002052,fail
tt0002058,fail
tt0002060,fail
tt0002062,fail
tt0002063,fail
tt0002064,fail
tt0002073,fail
tt0002076,fail
tt0002080,fail
tt0002081,fail
tt0002082,fail
tt0002083,fail
tt0002087,fail
tt0002088,fail
tt0002090,fail
tt0002096,fail
tt0002097,fail
tt0002101,fail
tt0002103,fail
tt0002104,fail
tt0002111,fail
tt0002113,fail
tt0002116,fail
tt0002122,fail
tt0002126,fail
tt0002129,fail
tt0002130,fail
tt0002131,fail
tt0002132,fail
tt0002133,fail
tt0002136,fail
tt0002137,fail
tt0002139,fail
tt0002141,fail
tt0002142,fail
tt0002143,fail
tt0002144,fail
tt0002145,fail
tt0002147,fail
tt0002149,fail
tt0002151,fail
tt0002152,fail
tt0002153,fail
tt0002154,fail
tt0002156,fail
tt0002157,fail
tt0002163,fail
tt0002167,fail
tt0002168,fail
tt0002169,fail
tt0002173,fail
tt0002175,fail
tt0002183,fail
tt0002186,fail
tt0002191,fail
tt0002195,fail
tt0002199,fail
tt0002211,fail
tt0002212,fail
tt0002213,fail
tt0002215,fail
tt0002219,fail
tt0002221,fail
tt0002223,fail
tt0002228,fail
tt0002229,fail
tt0002232,fail
tt0002234,fail
tt0002235,fail
tt0002245,fail
tt0002248,fail
tt0002251,fail
tt0002252,fail
tt0002254,fail
tt0002261,fail
tt0002261,fail
tt0002262,fail
tt0002271,fail
tt0002272,fail
tt0002273,fail
tt0002274,fail
